symbol,base,quote,cotiza_vs_directo,origen,1_base_equivale_x_quote,1_quote_equivale_x_base
1000CAT/BNB,1000CAT,BNB,base:1000CAT; quote:BNB,indirecto,,
1000CAT/FDUSD,1000CAT,FDUSD,base:1000CAT; quote:FDUSD,indirecto,,
1000CAT/USDC,1000CAT,USDC,base:1000CAT; quote:USDC,indirecto,,
1000CHEEMS/USDC,1000CHEEMS,USDC,base:1000CHEEMS; quote:USDC,indirecto,,
1000SATS/FDUSD,1000SATS,FDUSD,base:1000SATS; quote:FDUSD,indirecto,,
1000SATS/USDC,1000SATS,USDC,base:1000SATS; quote:USDC,indirecto,,
1INCH/BTC,1INCH,BTC,base:1INCH; quote:BTC,indirecto,,
1MBABYDOGE/FDUSD,1MBABYDOGE,FDUSD,base:1MBABYDOGE; quote:FDUSD,indirecto,,
1MBABYDOGE/USDC,1MBABYDOGE,USDC,base:1MBABYDOGE; quote:USDC,indirecto,,
A/BTC,A,BTC,base:A; quote:BTC,indirecto,,
A/ETH,A,ETH,base:A; quote:ETH,indirecto,,
A/FDUSD,A,FDUSD,base:A; quote:FDUSD,indirecto,,
A/USDC,A,USDC,base:A; quote:USDC,indirecto,,
AAVE/BTC,AAVE,BTC,base:AAVE; quote:BTC,indirecto,,
AAVE/ETH,AAVE,ETH,base:AAVE; quote:ETH,indirecto,,
AAVE/FDUSD,AAVE,FDUSD,base:AAVE; quote:FDUSD,indirecto,,
AAVE/USDC,AAVE,USDC,base:AAVE; quote:USDC,indirecto,,
ACH/BTC,ACH,BTC,base:ACH; quote:BTC,indirecto,,
ACH/USDC,ACH,USDC,base:ACH; quote:USDC,indirecto,,
ACT/FDUSD,ACT,FDUSD,base:ACT; quote:FDUSD,indirecto,,
ACT/USDC,ACT,USDC,base:ACT; quote:USDC,indirecto,,
ACX/USDC,ACX,USDC,base:ACX; quote:USDC,indirecto,,
ADA/BNB,ADA,BNB,base:ADA; quote:BNB,indirecto,,
ADA/BTC,ADA,BTC,base:ADA; quote:BTC,indirecto,,
ADA/ETH,ADA,ETH,base:ADA; quote:ETH,indirecto,,
ADA/FDUSD,ADA,FDUSD,base:ADA; quote:FDUSD,indirecto,,
ADA/USDC,ADA,USDC,base:ADA; quote:USDC,indirecto,,
ADX/BTC,ADX,BTC,base:ADX; quote:BTC,indirecto,,
ADX/ETH,ADX,ETH,base:ADX; quote:ETH,indirecto,,
AEVO/BTC,AEVO,BTC,base:AEVO; quote:BTC,indirecto,,
AEVO/FDUSD,AEVO,FDUSD,base:AEVO; quote:FDUSD,indirecto,,
AGLD/BTC,AGLD,BTC,base:AGLD; quote:BTC,indirecto,,
AI/BNB,AI,BNB,base:AI; quote:BNB,indirecto,,
AI/BTC,AI,BTC,base:AI; quote:BTC,indirecto,,
AI/FDUSD,AI,FDUSD,base:AI; quote:FDUSD,indirecto,,
AIXBT/USDC,AIXBT,USDC,base:AIXBT; quote:USDC,indirecto,,
ALGO/BTC,ALGO,BTC,base:ALGO; quote:BTC,indirecto,,
ALGO/USDC,ALGO,USDC,base:ALGO; quote:USDC,indirecto,,
ALT/BNB,ALT,BNB,base:ALT; quote:BNB,indirecto,,
ALT/BTC,ALT,BTC,base:ALT; quote:BTC,indirecto,,
ALT/FDUSD,ALT,FDUSD,base:ALT; quote:FDUSD,indirecto,,
ALT/USDC,ALT,USDC,base:ALT; quote:USDC,indirecto,,
ANIME/USDC,ANIME,USDC,base:ANIME; quote:USDC,indirecto,,
ANKR/BTC,ANKR,BTC,base:ANKR; quote:BTC,indirecto,,
APE/BTC,APE,BTC,base:APE; quote:BTC,indirecto,,
APE/FDUSD,APE,FDUSD,base:APE; quote:FDUSD,indirecto,,
APE/USDC,APE,USDC,base:APE; quote:USDC,indirecto,,
API3/BTC,API3,BTC,base:API3; quote:BTC,indirecto,,
API3/USDC,API3,USDC,base:API3; quote:USDC,indirecto,,
APT/BTC,APT,BTC,base:APT; quote:BTC,indirecto,,
APT/ETH,APT,ETH,base:APT; quote:ETH,indirecto,,
APT/FDUSD,APT,FDUSD,base:APT; quote:FDUSD,indirecto,,
APT/USDC,APT,USDC,base:APT; quote:USDC,indirecto,,
AR/BTC,AR,BTC,base:AR; quote:BTC,indirecto,,
AR/FDUSD,AR,FDUSD,base:AR; quote:FDUSD,indirecto,,
AR/USDC,AR,USDC,base:AR; quote:USDC,indirecto,,
ARB/BTC,ARB,BTC,base:ARB; quote:BTC,indirecto,,
ARB/ETH,ARB,ETH,base:ARB; quote:ETH,indirecto,,
ARB/FDUSD,ARB,FDUSD,base:ARB; quote:FDUSD,indirecto,,
ARB/TUSD,ARB,TUSD,base:ARB; quote:TUSD,indirecto,,
ARB/USDC,ARB,USDC,base:ARB; quote:USDC,indirecto,,
ARDR/BTC,ARDR,BTC,base:ARDR; quote:BTC,indirecto,,
ARKM/BNB,ARKM,BNB,base:ARKM; quote:BNB,indirecto,,
ARKM/BTC,ARKM,BTC,base:ARKM; quote:BTC,indirecto,,
ARKM/FDUSD,ARKM,FDUSD,base:ARKM; quote:FDUSD,indirecto,,
ARKM/USDC,ARKM,USDC,base:ARKM; quote:USDC,indirecto,,
ARPA/BTC,ARPA,BTC,base:ARPA; quote:BTC,indirecto,,
ASTR/BTC,ASTR,BTC,base:ASTR; quote:BTC,indirecto,,
ATA/BTC,ATA,BTC,base:ATA; quote:BTC,indirecto,,
ATOM/BTC,ATOM,BTC,base:ATOM; quote:BTC,indirecto,,
ATOM/ETH,ATOM,ETH,base:ATOM; quote:ETH,indirecto,,
ATOM/FDUSD,ATOM,FDUSD,base:ATOM; quote:FDUSD,indirecto,,
ATOM/USDC,ATOM,USDC,base:ATOM; quote:USDC,indirecto,,
AUCTION/BTC,AUCTION,BTC,base:AUCTION; quote:BTC,indirecto,,
AUCTION/FDUSD,AUCTION,FDUSD,base:AUCTION; quote:FDUSD,indirecto,,
AUCTION/USDC,AUCTION,USDC,base:AUCTION; quote:USDC,indirecto,,
AUDIO/BTC,AUDIO,BTC,base:AUDIO; quote:BTC,indirecto,,
AVA/BTC,AVA,BTC,base:AVA; quote:BTC,indirecto,,
AVAX/BNB,AVAX,BNB,base:AVAX; quote:BNB,indirecto,,
AVAX/BTC,AVAX,BTC,base:AVAX; quote:BTC,indirecto,,
AVAX/ETH,AVAX,ETH,base:AVAX; quote:ETH,indirecto,,
AVAX/FDUSD,AVAX,FDUSD,base:AVAX; quote:FDUSD,indirecto,,
AVAX/USDC,AVAX,USDC,base:AVAX; quote:USDC,indirecto,,
AWE/BTC,AWE,BTC,base:AWE; quote:BTC,indirecto,,
AXL/BTC,AXL,BTC,base:AXL; quote:BTC,indirecto,,
AXS/BNB,AXS,BNB,base:AXS; quote:BNB,indirecto,,
AXS/BTC,AXS,BTC,base:AXS; quote:BTC,indirecto,,
AXS/ETH,AXS,ETH,base:AXS; quote:ETH,indirecto,,
AXS/USDC,AXS,USDC,base:AXS; quote:USDC,indirecto,,
BABY/BNB,BABY,BNB,base:BABY; quote:BNB,indirecto,,
BABY/FDUSD,BABY,FDUSD,base:BABY; quote:FDUSD,indirecto,,
BABY/USDC,BABY,USDC,base:BABY; quote:USDC,indirecto,,
BAKE/BTC,BAKE,BTC,base:BAKE; quote:BTC,indirecto,,
BANANA/BNB,BANANA,BNB,base:BANANA; quote:BNB,indirecto,,
BANANA/BTC,BANANA,BTC,base:BANANA; quote:BTC,indirecto,,
BANANA/FDUSD,BANANA,FDUSD,base:BANANA; quote:FDUSD,indirecto,,
BANANA/USDC,BANANA,USDC,base:BANANA; quote:USDC,indirecto,,
BANANAS31/USDC,BANANAS31,USDC,base:BANANAS31; quote:USDC,indirecto,,
BAND/BTC,BAND,BTC,base:BAND; quote:BTC,indirecto,,
BAT/BTC,BAT,BTC,base:BAT; quote:BTC,indirecto,,
BB/BNB,BB,BNB,base:BB; quote:BNB,indirecto,,
BB/BTC,BB,BTC,base:BB; quote:BTC,indirecto,,
BB/FDUSD,BB,FDUSD,base:BB; quote:FDUSD,indirecto,,
BB/USDC,BB,USDC,base:BB; quote:USDC,indirecto,,
BCH/BNB,BCH,BNB,base:BCH; quote:BNB,indirecto,,
BCH/BTC,BCH,BTC,base:BCH; quote:BTC,indirecto,,
BCH/FDUSD,BCH,FDUSD,base:BCH; quote:FDUSD,indirecto,,
BCH/USDC,BCH,USDC,base:BCH; quote:USDC,indirecto,,
BEAMX/USDC,BEAMX,USDC,base:BEAMX; quote:USDC,indirecto,,
BEL/BTC,BEL,BTC,base:BEL; quote:BTC,indirecto,,
BERA/BNB,BERA,BNB,base:BERA; quote:BNB,indirecto,,
BERA/BTC,BERA,BTC,base:BERA; quote:BTC,indirecto,,
BERA/FDUSD,BERA,FDUSD,base:BERA; quote:FDUSD,indirecto,,
BERA/USDC,BERA,USDC,base:BERA; quote:USDC,indirecto,,
BICO/BTC,BICO,BTC,base:BICO; quote:BTC,indirecto,,
BIGTIME/USDC,BIGTIME,USDC,base:BIGTIME; quote:USDC,indirecto,,
BIO/BNB,BIO,BNB,base:BIO; quote:BNB,indirecto,,
BIO/FDUSD,BIO,FDUSD,base:BIO; quote:FDUSD,indirecto,,
BIO/USDC,BIO,USDC,base:BIO; quote:USDC,indirecto,,
BLUR/USDC,BLUR,USDC,base:BLUR; quote:USDC,indirecto,,
BMT/BNB,BMT,BNB,base:BMT; quote:BNB,indirecto,,
BMT/FDUSD,BMT,FDUSD,base:BMT; quote:FDUSD,indirecto,,
BMT/USDC,BMT,USDC,base:BMT; quote:USDC,indirecto,,
BNB/BTC,BNB,BTC,base:BNB; quote:BTC,indirecto,,
BNB/ETH,BNB,ETH,base:BNB; quote:ETH,indirecto,,
BNB/FDUSD,BNB,FDUSD,base:BNB; quote:FDUSD,indirecto,,
BNB/TUSD,BNB,TUSD,base:BNB; quote:TUSD,indirecto,,
BNB/USDC,BNB,USDC,base:BNB; quote:USDC,indirecto,,
BNSOL/SOL,BNSOL,SOL,base:BNSOL; quote:SOL,indirecto,,
BOME/FDUSD,BOME,FDUSD,base:BOME; quote:FDUSD,indirecto,,
BOME/USDC,BOME,USDC,base:BOME; quote:USDC,indirecto,,
BONK/FDUSD,BONK,FDUSD,base:BONK; quote:FDUSD,indirecto,,
BONK/USDC,BONK,USDC,base:BONK; quote:USDC,indirecto,,
BROCCOLI714/USDC,BROCCOLI714,USDC,base:BROCCOLI714; quote:USDC,indirecto,,
BTC/DAI,BTC,DAI,base:BTC; quote:DAI,invertido,,
BTC/EURI,BTC,EURI,base:BTC; quote:EURI,indirecto,,
BTC/FDUSD,BTC,FDUSD,base:BTC; quote:FDUSD,indirecto,,
BTC/TUSD,BTC,TUSD,base:BTC; quote:TUSD,indirecto,,
BTC/USDC,BTC,USDC,base:BTC; quote:USDC,indirecto,,
C/BNB,C,BNB,base:C; quote:BNB,indirecto,,
C/FDUSD,C,FDUSD,base:C; quote:FDUSD,indirecto,,
C/USDC,C,USDC,base:C; quote:USDC,indirecto,,
CAKE/BNB,CAKE,BNB,base:CAKE; quote:BNB,indirecto,,
CAKE/BTC,CAKE,BTC,base:CAKE; quote:BTC,indirecto,,
CAKE/USDC,CAKE,USDC,base:CAKE; quote:USDC,indirecto,,
CATI/USDC,CATI,USDC,base:CATI; quote:USDC,indirecto,,
CELO/BTC,CELO,BTC,base:CELO; quote:BTC,indirecto,,
CETUS/USDC,CETUS,USDC,base:CETUS; quote:USDC,indirecto,,
CFX/BTC,CFX,BTC,base:CFX; quote:BTC,indirecto,,
CFX/USDC,CFX,USDC,base:CFX; quote:USDC,indirecto,,
CGPT/USDC,CGPT,USDC,base:CGPT; quote:USDC,indirecto,,
CHESS/USDC,CHESS,USDC,base:CHESS; quote:USDC,indirecto,,
CHR/BTC,CHR,BTC,base:CHR; quote:BTC,indirecto,,
CHZ/BNB,CHZ,BNB,base:CHZ; quote:BNB,indirecto,,
CHZ/BTC,CHZ,BTC,base:CHZ; quote:BTC,indirecto,,
CHZ/USDC,CHZ,USDC,base:CHZ; quote:USDC,indirecto,,
CKB/USDC,CKB,USDC,base:CKB; quote:USDC,indirecto,,
COMP/BTC,COMP,BTC,base:COMP; quote:BTC,indirecto,,
COMP/USDC,COMP,USDC,base:COMP; quote:USDC,indirecto,,
COOKIE/USDC,COOKIE,USDC,base:COOKIE; quote:USDC,indirecto,,
COTI/BTC,COTI,BTC,base:COTI; quote:BTC,indirecto,,
COW/USDC,COW,USDC,base:COW; quote:USDC,indirecto,,
CRV/BTC,CRV,BTC,base:CRV; quote:BTC,indirecto,,
CRV/USDC,CRV,USDC,base:CRV; quote:USDC,indirecto,,
CTK/BNB,CTK,BNB,base:CTK; quote:BNB,indirecto,,
CTK/BTC,CTK,BTC,base:CTK; quote:BTC,indirecto,,
CTSI/BTC,CTSI,BTC,base:CTSI; quote:BTC,indirecto,,
CVC/USDC,CVC,USDC,base:CVC; quote:USDC,indirecto,,
CVX/USDC,CVX,USDC,base:CVX; quote:USDC,indirecto,,
CYBER/BNB,CYBER,BNB,base:CYBER; quote:BNB,indirecto,,
CYBER/BTC,CYBER,BTC,base:CYBER; quote:BTC,indirecto,,
CYBER/ETH,CYBER,ETH,base:CYBER; quote:ETH,indirecto,,
CYBER/FDUSD,CYBER,FDUSD,base:CYBER; quote:FDUSD,indirecto,,
DASH/BTC,DASH,BTC,base:DASH; quote:BTC,indirecto,,
DASH/ETH,DASH,ETH,base:DASH; quote:ETH,indirecto,,
DATA/BTC,DATA,BTC,base:DATA; quote:BTC,indirecto,,
DENT/ETH,DENT,ETH,base:DENT; quote:ETH,indirecto,,
DF/USDC,DF,USDC,base:DF; quote:USDC,indirecto,,
DIA/BTC,DIA,BTC,base:DIA; quote:BTC,indirecto,,
DODO/BTC,DODO,BTC,base:DODO; quote:BTC,indirecto,,
DOGE/BTC,DOGE,BTC,base:DOGE; quote:BTC,indirecto,,
DOGE/FDUSD,DOGE,FDUSD,base:DOGE; quote:FDUSD,indirecto,,
DOGE/TUSD,DOGE,TUSD,base:DOGE; quote:TUSD,indirecto,,
DOGE/USDC,DOGE,USDC,base:DOGE; quote:USDC,indirecto,,
DOGS/FDUSD,DOGS,FDUSD,base:DOGS; quote:FDUSD,indirecto,,
DOGS/USDC,DOGS,USDC,base:DOGS; quote:USDC,indirecto,,
DOT/BNB,DOT,BNB,base:DOT; quote:BNB,indirecto,,
DOT/BTC,DOT,BTC,base:DOT; quote:BTC,indirecto,,
DOT/ETH,DOT,ETH,base:DOT; quote:ETH,indirecto,,
DOT/FDUSD,DOT,FDUSD,base:DOT; quote:FDUSD,indirecto,,
DOT/USDC,DOT,USDC,base:DOT; quote:USDC,indirecto,,
DUSK/BTC,DUSK,BTC,base:DUSK; quote:BTC,indirecto,,
DYDX/BTC,DYDX,BTC,base:DYDX; quote:BTC,indirecto,,
DYDX/FDUSD,DYDX,FDUSD,base:DYDX; quote:FDUSD,indirecto,,
DYDX/USDC,DYDX,USDC,base:DYDX; quote:USDC,indirecto,,
EGLD/BNB,EGLD,BNB,base:EGLD; quote:BNB,indirecto,,
EGLD/BTC,EGLD,BTC,base:EGLD; quote:BTC,indirecto,,
EGLD/ETH,EGLD,ETH,base:EGLD; quote:ETH,indirecto,,
EGLD/FDUSD,EGLD,FDUSD,base:EGLD; quote:FDUSD,indirecto,,
EGLD/USDC,EGLD,USDC,base:EGLD; quote:USDC,indirecto,,
EIGEN/BTC,EIGEN,BTC,base:EIGEN; quote:BTC,indirecto,,
EIGEN/FDUSD,EIGEN,FDUSD,base:EIGEN; quote:FDUSD,indirecto,,
EIGEN/USDC,EIGEN,USDC,base:EIGEN; quote:USDC,indirecto,,
ENA/BNB,ENA,BNB,base:ENA; quote:BNB,indirecto,,
ENA/BTC,ENA,BTC,base:ENA; quote:BTC,indirecto,,
ENA/FDUSD,ENA,FDUSD,base:ENA; quote:FDUSD,indirecto,,
ENA/USDC,ENA,USDC,base:ENA; quote:USDC,indirecto,,
ENJ/BTC,ENJ,BTC,base:ENJ; quote:BTC,indirecto,,
ENJ/USDC,ENJ,USDC,base:ENJ; quote:USDC,indirecto,,
ENS/BTC,ENS,BTC,base:ENS; quote:BTC,indirecto,,
ENS/FDUSD,ENS,FDUSD,base:ENS; quote:FDUSD,indirecto,,
ENS/USDC,ENS,USDC,base:ENS; quote:USDC,indirecto,,
EPIC/USDC,EPIC,USDC,base:EPIC; quote:USDC,indirecto,,
ERA/BNB,ERA,BNB,base:ERA; quote:BNB,indirecto,,
ERA/FDUSD,ERA,FDUSD,base:ERA; quote:FDUSD,indirecto,,
ERA/USDC,ERA,USDC,base:ERA; quote:USDC,indirecto,,
ETC/BNB,ETC,BNB,base:ETC; quote:BNB,indirecto,,
ETC/BTC,ETC,BTC,base:ETC; quote:BTC,indirecto,,
ETC/ETH,ETC,ETH,base:ETC; quote:ETH,indirecto,,
ETC/FDUSD,ETC,FDUSD,base:ETC; quote:FDUSD,indirecto,,
ETC/USDC,ETC,USDC,base:ETC; quote:USDC,indirecto,,
ETH/BTC,ETH,BTC,base:ETH; quote:BTC,indirecto,,
ETH/DAI,ETH,DAI,base:ETH; quote:DAI,invertido,,
ETH/EURI,ETH,EURI,base:ETH; quote:EURI,indirecto,,
ETH/FDUSD,ETH,FDUSD,base:ETH; quote:FDUSD,indirecto,,
ETH/TUSD,ETH,TUSD,base:ETH; quote:TUSD,indirecto,,
ETH/USDC,ETH,USDC,base:ETH; quote:USDC,indirecto,,
ETHFI/FDUSD,ETHFI,FDUSD,base:ETHFI; quote:FDUSD,indirecto,,
ETHFI/USDC,ETHFI,USDC,base:ETHFI; quote:USDC,indirecto,,
EURI/USDC,EURI,USDC,base:EURI; quote:USDC,indirecto,,
FDUSD/USDC,FDUSD,USDC,base:FDUSD; quote:USDC,indirecto,,
FET/BNB,FET,BNB,base:FET; quote:BNB,indirecto,,
FET/BTC,FET,BTC,base:FET; quote:BTC,indirecto,,
FET/FDUSD,FET,FDUSD,base:FET; quote:FDUSD,indirecto,,
FET/USDC,FET,USDC,base:FET; quote:USDC,indirecto,,
FIDA/BTC,FIDA,BTC,base:FIDA; quote:BTC,indirecto,,
FIL/BTC,FIL,BTC,base:FIL; quote:BTC,indirecto,,
FIL/ETH,FIL,ETH,base:FIL; quote:ETH,indirecto,,
FIL/FDUSD,FIL,FDUSD,base:FIL; quote:FDUSD,indirecto,,
FIL/USDC,FIL,USDC,base:FIL; quote:USDC,indirecto,,
FIS/BTC,FIS,BTC,base:FIS; quote:BTC,indirecto,,
FLM/BTC,FLM,BTC,base:FLM; quote:BTC,indirecto,,
FLOKI/FDUSD,FLOKI,FDUSD,base:FLOKI; quote:FDUSD,indirecto,,
FLOKI/USDC,FLOKI,USDC,base:FLOKI; quote:USDC,indirecto,,
FLOW/BTC,FLOW,BTC,base:FLOW; quote:BTC,indirecto,,
FLUX/BTC,FLUX,BTC,base:FLUX; quote:BTC,indirecto,,
FLUX/USDC,FLUX,USDC,base:FLUX; quote:USDC,indirecto,,
FORM/USDC,FORM,USDC,base:FORM; quote:USDC,indirecto,,
FORTH/BTC,FORTH,BTC,base:FORTH; quote:BTC,indirecto,,
FUN/USDC,FUN,USDC,base:FUN; quote:USDC,indirecto,,
GALA/BTC,GALA,BTC,base:GALA; quote:BTC,indirecto,,
GALA/ETH,GALA,ETH,base:GALA; quote:ETH,indirecto,,
GALA/FDUSD,GALA,FDUSD,base:GALA; quote:FDUSD,indirecto,,
GALA/USDC,GALA,USDC,base:GALA; quote:USDC,indirecto,,
GAS/BTC,GAS,BTC,base:GAS; quote:BTC,indirecto,,
GLM/BTC,GLM,BTC,base:GLM; quote:BTC,indirecto,,
GLMR/BTC,GLMR,BTC,base:GLMR; quote:BTC,indirecto,,
GMT/BTC,GMT,BTC,base:GMT; quote:BTC,indirecto,,
GMT/USDC,GMT,USDC,base:GMT; quote:USDC,indirecto,,
GMX/USDC,GMX,USDC,base:GMX; quote:USDC,indirecto,,
GPS/BNB,GPS,BNB,base:GPS; quote:BNB,indirecto,,
GPS/USDC,GPS,USDC,base:GPS; quote:USDC,indirecto,,
GRT/BTC,GRT,BTC,base:GRT; quote:BTC,indirecto,,
GRT/ETH,GRT,ETH,base:GRT; quote:ETH,indirecto,,
GRT/FDUSD,GRT,FDUSD,base:GRT; quote:FDUSD,indirecto,,
GRT/USDC,GRT,USDC,base:GRT; quote:USDC,indirecto,,
GUN/BNB,GUN,BNB,base:GUN; quote:BNB,indirecto,,
GUN/FDUSD,GUN,FDUSD,base:GUN; quote:FDUSD,indirecto,,
GUN/USDC,GUN,USDC,base:GUN; quote:USDC,indirecto,,
HAEDAL/BNB,HAEDAL,BNB,base:HAEDAL; quote:BNB,indirecto,,
HAEDAL/FDUSD,HAEDAL,FDUSD,base:HAEDAL; quote:FDUSD,indirecto,,
HAEDAL/USDC,HAEDAL,USDC,base:HAEDAL; quote:USDC,indirecto,,
HBAR/BNB,HBAR,BNB,base:HBAR; quote:BNB,indirecto,,
HBAR/BTC,HBAR,BTC,base:HBAR; quote:BTC,indirecto,,
HBAR/FDUSD,HBAR,FDUSD,base:HBAR; quote:FDUSD,indirecto,,
HBAR/USDC,HBAR,USDC,base:HBAR; quote:USDC,indirecto,,
HEI/BTC,HEI,BTC,base:HEI; quote:BTC,indirecto,,
HEI/USDC,HEI,USDC,base:HEI; quote:USDC,indirecto,,
HFT/BTC,HFT,BTC,base:HFT; quote:BTC,indirecto,,
HIVE/BTC,HIVE,BTC,base:HIVE; quote:BTC,indirecto,,
HIVE/USDC,HIVE,USDC,base:HIVE; quote:USDC,indirecto,,
HMSTR/FDUSD,HMSTR,FDUSD,base:HMSTR; quote:FDUSD,indirecto,,
HMSTR/USDC,HMSTR,USDC,base:HMSTR; quote:USDC,indirecto,,
HOME/BNB,HOME,BNB,base:HOME; quote:BNB,indirecto,,
HOME/FDUSD,HOME,FDUSD,base:HOME; quote:FDUSD,indirecto,,
HOME/USDC,HOME,USDC,base:HOME; quote:USDC,indirecto,,
HOT/ETH,HOT,ETH,base:HOT; quote:ETH,indirecto,,
HUMA/BNB,HUMA,BNB,base:HUMA; quote:BNB,indirecto,,
HUMA/FDUSD,HUMA,FDUSD,base:HUMA; quote:FDUSD,indirecto,,
HUMA/USDC,HUMA,USDC,base:HUMA; quote:USDC,indirecto,,
HYPER/BNB,HYPER,BNB,base:HYPER; quote:BNB,indirecto,,
HYPER/USDC,HYPER,USDC,base:HYPER; quote:USDC,indirecto,,
ICP/BTC,ICP,BTC,base:ICP; quote:BTC,indirecto,,
ICP/ETH,ICP,ETH,base:ICP; quote:ETH,indirecto,,
ICP/FDUSD,ICP,FDUSD,base:ICP; quote:FDUSD,indirecto,,
ICP/USDC,ICP,USDC,base:ICP; quote:USDC,indirecto,,
ICX/BTC,ICX,BTC,base:ICX; quote:BTC,indirecto,,
ID/BTC,ID,BTC,base:ID; quote:BTC,indirecto,,
IDEX/USDC,IDEX,USDC,base:IDEX; quote:USDC,indirecto,,
ILV/BTC,ILV,BTC,base:ILV; quote:BTC,indirecto,,
ILV/USDC,ILV,USDC,base:ILV; quote:USDC,indirecto,,
IMX/BTC,IMX,BTC,base:IMX; quote:BTC,indirecto,,
INIT/BNB,INIT,BNB,base:INIT; quote:BNB,indirecto,,
INIT/FDUSD,INIT,FDUSD,base:INIT; quote:FDUSD,indirecto,,
INIT/USDC,INIT,USDC,base:INIT; quote:USDC,indirecto,,
INJ/BNB,INJ,BNB,base:INJ; quote:BNB,indirecto,,
INJ/BTC,INJ,BTC,base:INJ; quote:BTC,indirecto,,
INJ/ETH,INJ,ETH,base:INJ; quote:ETH,indirecto,,
INJ/FDUSD,INJ,FDUSD,base:INJ; quote:FDUSD,indirecto,,
INJ/USDC,INJ,USDC,base:INJ; quote:USDC,indirecto,,
IO/BNB,IO,BNB,base:IO; quote:BNB,indirecto,,
IO/BTC,IO,BTC,base:IO; quote:BTC,indirecto,,
IO/FDUSD,IO,FDUSD,base:IO; quote:FDUSD,indirecto,,
IO/USDC,IO,USDC,base:IO; quote:USDC,indirecto,,
IOTA/BTC,IOTA,BTC,base:IOTA; quote:BTC,indirecto,,
IOTA/ETH,IOTA,ETH,base:IOTA; quote:ETH,indirecto,,
IOTA/USDC,IOTA,USDC,base:IOTA; quote:USDC,indirecto,,
IOTX/BTC,IOTX,BTC,base:IOTX; quote:BTC,indirecto,,
IOTX/ETH,IOTX,ETH,base:IOTX; quote:ETH,indirecto,,
JOE/BTC,JOE,BTC,base:JOE; quote:BTC,indirecto,,
JST/BTC,JST,BTC,base:JST; quote:BTC,indirecto,,
JTO/FDUSD,JTO,FDUSD,base:JTO; quote:FDUSD,indirecto,,
JTO/USDC,JTO,USDC,base:JTO; quote:USDC,indirecto,,
JUP/FDUSD,JUP,FDUSD,base:JUP; quote:FDUSD,indirecto,,
JUP/USDC,JUP,USDC,base:JUP; quote:USDC,indirecto,,
JUV/USDC,JUV,USDC,base:JUV; quote:USDC,indirecto,,
KAIA/USDC,KAIA,USDC,base:KAIA; quote:USDC,indirecto,,
KAITO/BTC,KAITO,BTC,base:KAITO; quote:BTC,indirecto,,
KAITO/FDUSD,KAITO,FDUSD,base:KAITO; quote:FDUSD,indirecto,,
KAITO/USDC,KAITO,USDC,base:KAITO; quote:USDC,indirecto,,
KAVA/BTC,KAVA,BTC,base:KAVA; quote:BTC,indirecto,,
KDA/BTC,KDA,BTC,base:KDA; quote:BTC,indirecto,,
KERNEL/BNB,KERNEL,BNB,base:KERNEL; quote:BNB,indirecto,,
KERNEL/FDUSD,KERNEL,FDUSD,base:KERNEL; quote:FDUSD,indirecto,,
KERNEL/USDC,KERNEL,USDC,base:KERNEL; quote:USDC,indirecto,,
KMNO/USDC,KMNO,USDC,base:KMNO; quote:USDC,indirecto,,
KNC/BTC,KNC,BTC,base:KNC; quote:BTC,indirecto,,
KSM/BTC,KSM,BTC,base:KSM; quote:BTC,indirecto,,
LA/BNB,LA,BNB,base:LA; quote:BNB,indirecto,,
LA/FDUSD,LA,FDUSD,base:LA; quote:FDUSD,indirecto,,
LA/USDC,LA,USDC,base:LA; quote:USDC,indirecto,,
LAYER/BNB,LAYER,BNB,base:LAYER; quote:BNB,indirecto,,
LAYER/BTC,LAYER,BTC,base:LAYER; quote:BTC,indirecto,,
LAYER/FDUSD,LAYER,FDUSD,base:LAYER; quote:FDUSD,indirecto,,
LAYER/USDC,LAYER,USDC,base:LAYER; quote:USDC,indirecto,,
LDO/BTC,LDO,BTC,base:LDO; quote:BTC,indirecto,,
LDO/FDUSD,LDO,FDUSD,base:LDO; quote:FDUSD,indirecto,,
LDO/USDC,LDO,USDC,base:LDO; quote:USDC,indirecto,,
LINK/BNB,LINK,BNB,base:LINK; quote:BNB,indirecto,,
LINK/BTC,LINK,BTC,base:LINK; quote:BTC,indirecto,,
LINK/ETH,LINK,ETH,base:LINK; quote:ETH,indirecto,,
LINK/FDUSD,LINK,FDUSD,base:LINK; quote:FDUSD,indirecto,,
LINK/USDC,LINK,USDC,base:LINK; quote:USDC,indirecto,,
LISTA/BNB,LISTA,BNB,base:LISTA; quote:BNB,indirecto,,
LISTA/FDUSD,LISTA,FDUSD,base:LISTA; quote:FDUSD,indirecto,,
LISTA/USDC,LISTA,USDC,base:LISTA; quote:USDC,indirecto,,
LPT/BNB,LPT,BNB,base:LPT; quote:BNB,indirecto,,
LPT/BTC,LPT,BTC,base:LPT; quote:BTC,indirecto,,
LPT/USDC,LPT,USDC,base:LPT; quote:USDC,indirecto,,
LRC/BTC,LRC,BTC,base:LRC; quote:BTC,indirecto,,
LRC/ETH,LRC,ETH,base:LRC; quote:ETH,indirecto,,
LSK/BTC,LSK,BTC,base:LSK; quote:BTC,indirecto,,
LTC/BNB,LTC,BNB,base:LTC; quote:BNB,indirecto,,
LTC/BTC,LTC,BTC,base:LTC; quote:BTC,indirecto,,
LTC/ETH,LTC,ETH,base:LTC; quote:ETH,indirecto,,
LTC/FDUSD,LTC,FDUSD,base:LTC; quote:FDUSD,indirecto,,
LTC/USDC,LTC,USDC,base:LTC; quote:USDC,indirecto,,
MAGIC/BTC,MAGIC,BTC,base:MAGIC; quote:BTC,indirecto,,
MAGIC/USDC,MAGIC,USDC,base:MAGIC; quote:USDC,indirecto,,
MANA/BTC,MANA,BTC,base:MANA; quote:BTC,indirecto,,
MANA/ETH,MANA,ETH,base:MANA; quote:ETH,indirecto,,
MANTA/BTC,MANTA,BTC,base:MANTA; quote:BTC,indirecto,,
MANTA/FDUSD,MANTA,FDUSD,base:MANTA; quote:FDUSD,indirecto,,
MANTA/USDC,MANTA,USDC,base:MANTA; quote:USDC,indirecto,,
MASK/USDC,MASK,USDC,base:MASK; quote:USDC,indirecto,,
MAV/BTC,MAV,BTC,base:MAV; quote:BTC,indirecto,,
ME/BTC,ME,BTC,base:ME; quote:BTC,indirecto,,
ME/FDUSD,ME,FDUSD,base:ME; quote:FDUSD,indirecto,,
MEME/FDUSD,MEME,FDUSD,base:MEME; quote:FDUSD,indirecto,,
MEME/USDC,MEME,USDC,base:MEME; quote:USDC,indirecto,,
MINA/BTC,MINA,BTC,base:MINA; quote:BTC,indirecto,,
MKR/BTC,MKR,BTC,base:MKR; quote:BTC,indirecto,,
MKR/USDC,MKR,USDC,base:MKR; quote:USDC,indirecto,,
MOVE/BNB,MOVE,BNB,base:MOVE; quote:BNB,indirecto,,
MOVE/BTC,MOVE,BTC,base:MOVE; quote:BTC,indirecto,,
MOVE/FDUSD,MOVE,FDUSD,base:MOVE; quote:FDUSD,indirecto,,
MOVE/USDC,MOVE,USDC,base:MOVE; quote:USDC,indirecto,,
MOVR/BTC,MOVR,BTC,base:MOVR; quote:BTC,indirecto,,
MTL/BTC,MTL,BTC,base:MTL; quote:BTC,indirecto,,
MUBARAK/USDC,MUBARAK,USDC,base:MUBARAK; quote:USDC,indirecto,,
NEAR/BNB,NEAR,BNB,base:NEAR; quote:BNB,indirecto,,
NEAR/BTC,NEAR,BTC,base:NEAR; quote:BTC,indirecto,,
NEAR/ETH,NEAR,ETH,base:NEAR; quote:ETH,indirecto,,
NEAR/FDUSD,NEAR,FDUSD,base:NEAR; quote:FDUSD,indirecto,,
NEAR/USDC,NEAR,USDC,base:NEAR; quote:USDC,indirecto,,
NEIRO/FDUSD,NEIRO,FDUSD,base:NEIRO; quote:FDUSD,indirecto,,
NEIRO/USDC,NEIRO,USDC,base:NEIRO; quote:USDC,indirecto,,
NEO/BTC,NEO,BTC,base:NEO; quote:BTC,indirecto,,
NEO/USDC,NEO,USDC,base:NEO; quote:USDC,indirecto,,
NEWT/BNB,NEWT,BNB,base:NEWT; quote:BNB,indirecto,,
NEWT/FDUSD,NEWT,FDUSD,base:NEWT; quote:FDUSD,indirecto,,
NEWT/USDC,NEWT,USDC,base:NEWT; quote:USDC,indirecto,,
NEXO/BTC,NEXO,BTC,base:NEXO; quote:BTC,indirecto,,
NFP/BTC,NFP,BTC,base:NFP; quote:BTC,indirecto,,
NFP/FDUSD,NFP,FDUSD,base:NFP; quote:FDUSD,indirecto,,
NIL/BNB,NIL,BNB,base:NIL; quote:BNB,indirecto,,
NIL/FDUSD,NIL,FDUSD,base:NIL; quote:FDUSD,indirecto,,
NIL/USDC,NIL,USDC,base:NIL; quote:USDC,indirecto,,
NMR/BTC,NMR,BTC,base:NMR; quote:BTC,indirecto,,
NOT/FDUSD,NOT,FDUSD,base:NOT; quote:FDUSD,indirecto,,
NOT/USDC,NOT,USDC,base:NOT; quote:USDC,indirecto,,
NTRN/BNB,NTRN,BNB,base:NTRN; quote:BNB,indirecto,,
NXPC/BNB,NXPC,BNB,base:NXPC; quote:BNB,indirecto,,
NXPC/FDUSD,NXPC,FDUSD,base:NXPC; quote:FDUSD,indirecto,,
NXPC/USDC,NXPC,USDC,base:NXPC; quote:USDC,indirecto,,
OG/BTC,OG,BTC,base:OG; quote:BTC,indirecto,,
OGN/BTC,OGN,BTC,base:OGN; quote:BTC,indirecto,,
OM/BTC,OM,BTC,base:OM; quote:BTC,indirecto,,
OM/USDC,OM,USDC,base:OM; quote:USDC,indirecto,,
OMNI/BTC,OMNI,BTC,base:OMNI; quote:BTC,indirecto,,
OMNI/FDUSD,OMNI,FDUSD,base:OMNI; quote:FDUSD,indirecto,,
OMNI/USDC,OMNI,USDC,base:OMNI; quote:USDC,indirecto,,
ONDO/USDC,ONDO,USDC,base:ONDO; quote:USDC,indirecto,,
ONG/BTC,ONG,BTC,base:ONG; quote:BTC,indirecto,,
ONT/BTC,ONT,BTC,base:ONT; quote:BTC,indirecto,,
ONT/USDC,ONT,USDC,base:ONT; quote:USDC,indirecto,,
OP/BTC,OP,BTC,base:OP; quote:BTC,indirecto,,
OP/ETH,OP,ETH,base:OP; quote:ETH,indirecto,,
OP/FDUSD,OP,FDUSD,base:OP; quote:FDUSD,indirecto,,
OP/USDC,OP,USDC,base:OP; quote:USDC,indirecto,,
ORCA/USDC,ORCA,USDC,base:ORCA; quote:USDC,indirecto,,
ORDI/BTC,ORDI,BTC,base:ORDI; quote:BTC,indirecto,,
ORDI/FDUSD,ORDI,FDUSD,base:ORDI; quote:FDUSD,indirecto,,
ORDI/USDC,ORDI,USDC,base:ORDI; quote:USDC,indirecto,,
OSMO/USDC,OSMO,USDC,base:OSMO; quote:USDC,indirecto,,
OXT/BTC,OXT,BTC,base:OXT; quote:BTC,indirecto,,
PARTI/BNB,PARTI,BNB,base:PARTI; quote:BNB,indirecto,,
PARTI/FDUSD,PARTI,FDUSD,base:PARTI; quote:FDUSD,indirecto,,
PARTI/USDC,PARTI,USDC,base:PARTI; quote:USDC,indirecto,,
PAXG/BTC,PAXG,BTC,base:PAXG; quote:BTC,indirecto,,
PAXG/USDC,PAXG,USDC,base:PAXG; quote:USDC,indirecto,,
PENDLE/BTC,PENDLE,BTC,base:PENDLE; quote:BTC,indirecto,,
PENDLE/FDUSD,PENDLE,FDUSD,base:PENDLE; quote:FDUSD,indirecto,,
PENDLE/USDC,PENDLE,USDC,base:PENDLE; quote:USDC,indirecto,,
PENGU/FDUSD,PENGU,FDUSD,base:PENGU; quote:FDUSD,indirecto,,
PENGU/USDC,PENGU,USDC,base:PENGU; quote:USDC,indirecto,,
PEOPLE/BTC,PEOPLE,BTC,base:PEOPLE; quote:BTC,indirecto,,
PEOPLE/FDUSD,PEOPLE,FDUSD,base:PEOPLE; quote:FDUSD,indirecto,,
PEOPLE/USDC,PEOPLE,USDC,base:PEOPLE; quote:USDC,indirecto,,
PEPE/FDUSD,PEPE,FDUSD,base:PEPE; quote:FDUSD,indirecto,,
PEPE/USDC,PEPE,USDC,base:PEPE; quote:USDC,indirecto,,
PHA/BTC,PHA,BTC,base:PHA; quote:BTC,indirecto,,
PHA/USDC,PHA,USDC,base:PHA; quote:USDC,indirecto,,
PHB/BTC,PHB,BTC,base:PHB; quote:BTC,indirecto,,
PIVX/BTC,PIVX,BTC,base:PIVX; quote:BTC,indirecto,,
PIXEL/USDC,PIXEL,USDC,base:PIXEL; quote:USDC,indirecto,,
PNUT/BTC,PNUT,BTC,base:PNUT; quote:BTC,indirecto,,
PNUT/FDUSD,PNUT,FDUSD,base:PNUT; quote:FDUSD,indirecto,,
PNUT/USDC,PNUT,USDC,base:PNUT; quote:USDC,indirecto,,
POL/BNB,POL,BNB,base:POL; quote:BNB,indirecto,,
POL/BTC,POL,BTC,base:POL; quote:BTC,indirecto,,
POL/ETH,POL,ETH,base:POL; quote:ETH,indirecto,,
POL/FDUSD,POL,FDUSD,base:POL; quote:FDUSD,indirecto,,
POL/USDC,POL,USDC,base:POL; quote:USDC,indirecto,,
POLYX/BTC,POLYX,BTC,base:POLYX; quote:BTC,indirecto,,
PORTAL/BNB,PORTAL,BNB,base:PORTAL; quote:BNB,indirecto,,
PORTAL/BTC,PORTAL,BTC,base:PORTAL; quote:BTC,indirecto,,
PORTAL/FDUSD,PORTAL,FDUSD,base:PORTAL; quote:FDUSD,indirecto,,
POWR/BTC,POWR,BTC,base:POWR; quote:BTC,indirecto,,
POWR/ETH,POWR,ETH,base:POWR; quote:ETH,indirecto,,
PROVE/BNB,PROVE,BNB,base:PROVE; quote:BNB,indirecto,,
PROVE/FDUSD,PROVE,FDUSD,base:PROVE; quote:FDUSD,indirecto,,
PROVE/USDC,PROVE,USDC,base:PROVE; quote:USDC,indirecto,,
PUNDIX/USDC,PUNDIX,USDC,base:PUNDIX; quote:USDC,indirecto,,
PYR/BTC,PYR,BTC,base:PYR; quote:BTC,indirecto,,
PYTH/BTC,PYTH,BTC,base:PYTH; quote:BTC,indirecto,,
PYTH/FDUSD,PYTH,FDUSD,base:PYTH; quote:FDUSD,indirecto,,
PYTH/USDC,PYTH,USDC,base:PYTH; quote:USDC,indirecto,,
QNT/BTC,QNT,BTC,base:QNT; quote:BTC,indirecto,,
QNT/USDC,QNT,USDC,base:QNT; quote:USDC,indirecto,,
QTUM/BTC,QTUM,BTC,base:QTUM; quote:BTC,indirecto,,
QTUM/ETH,QTUM,ETH,base:QTUM; quote:ETH,indirecto,,
RARE/BTC,RARE,BTC,base:RARE; quote:BTC,indirecto,,
RARE/USDC,RARE,USDC,base:RARE; quote:USDC,indirecto,,
RAY/FDUSD,RAY,FDUSD,base:RAY; quote:FDUSD,indirecto,,
RAY/USDC,RAY,USDC,base:RAY; quote:USDC,indirecto,,
RED/BTC,RED,BTC,base:RED; quote:BTC,indirecto,,
RED/FDUSD,RED,FDUSD,base:RED; quote:FDUSD,indirecto,,
RED/USDC,RED,USDC,base:RED; quote:USDC,indirecto,,
RENDER/BTC,RENDER,BTC,base:RENDER; quote:BTC,indirecto,,
RENDER/FDUSD,RENDER,FDUSD,base:RENDER; quote:FDUSD,indirecto,,
RENDER/USDC,RENDER,USDC,base:RENDER; quote:USDC,indirecto,,
REQ/BTC,REQ,BTC,base:REQ; quote:BTC,indirecto,,
RESOLV/BNB,RESOLV,BNB,base:RESOLV; quote:BNB,indirecto,,
RESOLV/FDUSD,RESOLV,FDUSD,base:RESOLV; quote:FDUSD,indirecto,,
RESOLV/USDC,RESOLV,USDC,base:RESOLV; quote:USDC,indirecto,,
REZ/USDC,REZ,USDC,base:REZ; quote:USDC,indirecto,,
RIF/BTC,RIF,BTC,base:RIF; quote:BTC,indirecto,,
RLC/BTC,RLC,BTC,base:RLC; quote:BTC,indirecto,,
RLC/ETH,RLC,ETH,base:RLC; quote:ETH,indirecto,,
RONIN/BTC,RONIN,BTC,base:RONIN; quote:BTC,indirecto,,
RONIN/FDUSD,RONIN,FDUSD,base:RONIN; quote:FDUSD,indirecto,,
ROSE/BTC,ROSE,BTC,base:ROSE; quote:BTC,indirecto,,
ROSE/USDC,ROSE,USDC,base:ROSE; quote:USDC,indirecto,,
RPL/USDC,RPL,USDC,base:RPL; quote:USDC,indirecto,,
RSR/USDC,RSR,USDC,base:RSR; quote:USDC,indirecto,,
RUNE/BTC,RUNE,BTC,base:RUNE; quote:BTC,indirecto,,
RUNE/ETH,RUNE,ETH,base:RUNE; quote:ETH,indirecto,,
RUNE/FDUSD,RUNE,FDUSD,base:RUNE; quote:FDUSD,indirecto,,
RUNE/USDC,RUNE,USDC,base:RUNE; quote:USDC,indirecto,,
RVN/BTC,RVN,BTC,base:RVN; quote:BTC,indirecto,,
RVN/USDC,RVN,USDC,base:RVN; quote:USDC,indirecto,,
S/BNB,S,BNB,base:S; quote:BNB,indirecto,,
S/BTC,S,BTC,base:S; quote:BTC,indirecto,,
S/ETH,S,ETH,base:S; quote:ETH,indirecto,,
S/FDUSD,S,FDUSD,base:S; quote:FDUSD,indirecto,,
S/USDC,S,USDC,base:S; quote:USDC,indirecto,,
SAGA/BNB,SAGA,BNB,base:SAGA; quote:BNB,indirecto,,
SAGA/BTC,SAGA,BTC,base:SAGA; quote:BTC,indirecto,,
SAGA/FDUSD,SAGA,FDUSD,base:SAGA; quote:FDUSD,indirecto,,
SAGA/USDC,SAGA,USDC,base:SAGA; quote:USDC,indirecto,,
SAHARA/BNB,SAHARA,BNB,base:SAHARA; quote:BNB,indirecto,,
SAHARA/FDUSD,SAHARA,FDUSD,base:SAHARA; quote:FDUSD,indirecto,,
SAHARA/USDC,SAHARA,USDC,base:SAHARA; quote:USDC,indirecto,,
SAND/BTC,SAND,BTC,base:SAND; quote:BTC,indirecto,,
SAND/FDUSD,SAND,FDUSD,base:SAND; quote:FDUSD,indirecto,,
SAND/USDC,SAND,USDC,base:SAND; quote:USDC,indirecto,,
SANTOS/BTC,SANTOS,BTC,base:SANTOS; quote:BTC,indirecto,,
SC/ETH,SC,ETH,base:SC; quote:ETH,indirecto,,
SCR/BTC,SCR,BTC,base:SCR; quote:BTC,indirecto,,
SCR/FDUSD,SCR,FDUSD,base:SCR; quote:FDUSD,indirecto,,
SCRT/BTC,SCRT,BTC,base:SCRT; quote:BTC,indirecto,,
SEI/BNB,SEI,BNB,base:SEI; quote:BNB,indirecto,,
SEI/BTC,SEI,BTC,base:SEI; quote:BTC,indirecto,,
SEI/FDUSD,SEI,FDUSD,base:SEI; quote:FDUSD,indirecto,,
SEI/USDC,SEI,USDC,base:SEI; quote:USDC,indirecto,,
SFP/BTC,SFP,BTC,base:SFP; quote:BTC,indirecto,,
SHELL/BNB,SHELL,BNB,base:SHELL; quote:BNB,indirecto,,
SHELL/BTC,SHELL,BTC,base:SHELL; quote:BTC,indirecto,,
SHELL/FDUSD,SHELL,FDUSD,base:SHELL; quote:FDUSD,indirecto,,
SHELL/USDC,SHELL,USDC,base:SHELL; quote:USDC,indirecto,,
SHIB/DOGE,SHIB,DOGE,base:SHIB; quote:DOGE,indirecto,,
SHIB/FDUSD,SHIB,FDUSD,base:SHIB; quote:FDUSD,indirecto,,
SHIB/USDC,SHIB,USDC,base:SHIB; quote:USDC,indirecto,,
SIGN/BNB,SIGN,BNB,base:SIGN; quote:BNB,indirecto,,
SIGN/FDUSD,SIGN,FDUSD,base:SIGN; quote:FDUSD,indirecto,,
SIGN/USDC,SIGN,USDC,base:SIGN; quote:USDC,indirecto,,
SKL/BTC,SKL,BTC,base:SKL; quote:BTC,indirecto,,
SLF/BTC,SLF,BTC,base:SLF; quote:BTC,indirecto,,
SLF/USDC,SLF,USDC,base:SLF; quote:USDC,indirecto,,
SLP/ETH,SLP,ETH,base:SLP; quote:ETH,indirecto,,
SNX/BTC,SNX,BTC,base:SNX; quote:BTC,indirecto,,
SOL/BNB,SOL,BNB,base:SOL; quote:BNB,indirecto,,
SOL/BTC,SOL,BTC,base:SOL; quote:BTC,indirecto,,
SOL/ETH,SOL,ETH,base:SOL; quote:ETH,indirecto,,
SOL/FDUSD,SOL,FDUSD,base:SOL; quote:FDUSD,indirecto,,
SOL/TUSD,SOL,TUSD,base:SOL; quote:TUSD,indirecto,,
SOL/USDC,SOL,USDC,base:SOL; quote:USDC,indirecto,,
SOLV/BNB,SOLV,BNB,base:SOLV; quote:BNB,indirecto,,
SOLV/FDUSD,SOLV,FDUSD,base:SOLV; quote:FDUSD,indirecto,,
SOPH/BNB,SOPH,BNB,base:SOPH; quote:BNB,indirecto,,
SOPH/FDUSD,SOPH,FDUSD,base:SOPH; quote:FDUSD,indirecto,,
SOPH/USDC,SOPH,USDC,base:SOPH; quote:USDC,indirecto,,
SPK/BNB,SPK,BNB,base:SPK; quote:BNB,indirecto,,
SPK/FDUSD,SPK,FDUSD,base:SPK; quote:FDUSD,indirecto,,
SPK/USDC,SPK,USDC,base:SPK; quote:USDC,indirecto,,
SSV/BTC,SSV,BTC,base:SSV; quote:BTC,indirecto,,
SSV/ETH,SSV,ETH,base:SSV; quote:ETH,indirecto,,
STEEM/BTC,STEEM,BTC,base:STEEM; quote:BTC,indirecto,,
STEEM/ETH,STEEM,ETH,base:STEEM; quote:ETH,indirecto,,
STEEM/USDC,STEEM,USDC,base:STEEM; quote:USDC,indirecto,,
STG/BTC,STG,BTC,base:STG; quote:BTC,indirecto,,
STO/FDUSD,STO,FDUSD,base:STO; quote:FDUSD,indirecto,,
STO/USDC,STO,USDC,base:STO; quote:USDC,indirecto,,
STORJ/BTC,STORJ,BTC,base:STORJ; quote:BTC,indirecto,,
STRAX/BTC,STRAX,BTC,base:STRAX; quote:BTC,indirecto,,
STRK/FDUSD,STRK,FDUSD,base:STRK; quote:FDUSD,indirecto,,
STRK/USDC,STRK,USDC,base:STRK; quote:USDC,indirecto,,
STX/BTC,STX,BTC,base:STX; quote:BTC,indirecto,,
STX/FDUSD,STX,FDUSD,base:STX; quote:FDUSD,indirecto,,
STX/USDC,STX,USDC,base:STX; quote:USDC,indirecto,,
SUI/BNB,SUI,BNB,base:SUI; quote:BNB,indirecto,,
SUI/BTC,SUI,BTC,base:SUI; quote:BTC,indirecto,,
SUI/FDUSD,SUI,FDUSD,base:SUI; quote:FDUSD,indirecto,,
SUI/USDC,SUI,USDC,base:SUI; quote:USDC,indirecto,,
SUPER/BTC,SUPER,BTC,base:SUPER; quote:BTC,indirecto,,
SUSHI/BTC,SUSHI,BTC,base:SUSHI; quote:BTC,indirecto,,
SUSHI/USDC,SUSHI,USDC,base:SUSHI; quote:USDC,indirecto,,
SXP/BTC,SXP,BTC,base:SXP; quote:BTC,indirecto,,
SXT/BNB,SXT,BNB,base:SXT; quote:BNB,indirecto,,
SXT/FDUSD,SXT,FDUSD,base:SXT; quote:FDUSD,indirecto,,
SXT/USDC,SXT,USDC,base:SXT; quote:USDC,indirecto,,
SYN/USDC,SYN,USDC,base:SYN; quote:USDC,indirecto,,
SYRUP/USDC,SYRUP,USDC,base:SYRUP; quote:USDC,indirecto,,
SYS/BTC,SYS,BTC,base:SYS; quote:BTC,indirecto,,
T/USDC,T,USDC,base:T; quote:USDC,indirecto,,
TAO/BTC,TAO,BTC,base:TAO; quote:BTC,indirecto,,
TAO/FDUSD,TAO,FDUSD,base:TAO; quote:FDUSD,indirecto,,
TAO/USDC,TAO,USDC,base:TAO; quote:USDC,indirecto,,
TFUEL/BTC,TFUEL,BTC,base:TFUEL; quote:BTC,indirecto,,
THE/FDUSD,THE,FDUSD,base:THE; quote:FDUSD,indirecto,,
THE/USDC,THE,USDC,base:THE; quote:USDC,indirecto,,
THETA/BTC,THETA,BTC,base:THETA; quote:BTC,indirecto,,
THETA/USDC,THETA,USDC,base:THETA; quote:USDC,indirecto,,
TIA/BTC,TIA,BTC,base:TIA; quote:BTC,indirecto,,
TIA/FDUSD,TIA,FDUSD,base:TIA; quote:FDUSD,indirecto,,
TIA/USDC,TIA,USDC,base:TIA; quote:USDC,indirecto,,
TLM/USDC,TLM,USDC,base:TLM; quote:USDC,indirecto,,
TNSR/USDC,TNSR,USDC,base:TNSR; quote:USDC,indirecto,,
TON/BTC,TON,BTC,base:TON; quote:BTC,indirecto,,
TON/FDUSD,TON,FDUSD,base:TON; quote:FDUSD,indirecto,,
TON/USDC,TON,USDC,base:TON; quote:USDC,indirecto,,
TOWNS/BNB,TOWNS,BNB,base:TOWNS; quote:BNB,indirecto,,
TOWNS/FDUSD,TOWNS,FDUSD,base:TOWNS; quote:FDUSD,indirecto,,
TOWNS/USDC,TOWNS,USDC,base:TOWNS; quote:USDC,indirecto,,
TRB/BTC,TRB,BTC,base:TRB; quote:BTC,indirecto,,
TRB/USDC,TRB,USDC,base:TRB; quote:USDC,indirecto,,
TREE/BNB,TREE,BNB,base:TREE; quote:BNB,indirecto,,
TREE/FDUSD,TREE,FDUSD,base:TREE; quote:FDUSD,indirecto,,
TREE/USDC,TREE,USDC,base:TREE; quote:USDC,indirecto,,
TRUMP/FDUSD,TRUMP,FDUSD,base:TRUMP; quote:FDUSD,indirecto,,
TRUMP/USDC,TRUMP,USDC,base:TRUMP; quote:USDC,indirecto,,
TRX/BNB,TRX,BNB,base:TRX; quote:BNB,indirecto,,
TRX/BTC,TRX,BTC,base:TRX; quote:BTC,indirecto,,
TRX/ETH,TRX,ETH,base:TRX; quote:ETH,indirecto,,
TRX/FDUSD,TRX,FDUSD,base:TRX; quote:FDUSD,indirecto,,
TRX/USDC,TRX,USDC,base:TRX; quote:USDC,indirecto,,
TRX/XRP,TRX,XRP,base:TRX; quote:XRP,indirecto,,
TST/USDC,TST,USDC,base:TST; quote:USDC,indirecto,,
TURBO/USDC,TURBO,USDC,base:TURBO; quote:USDC,indirecto,,
TUT/USDC,TUT,USDC,base:TUT; quote:USDC,indirecto,,
UMA/BTC,UMA,BTC,base:UMA; quote:BTC,indirecto,,
UNI/BTC,UNI,BTC,base:UNI; quote:BTC,indirecto,,
UNI/ETH,UNI,ETH,base:UNI; quote:ETH,indirecto,,
UNI/FDUSD,UNI,FDUSD,base:UNI; quote:FDUSD,indirecto,,
UNI/USDC,UNI,USDC,base:UNI; quote:USDC,indirecto,,
USUAL/BTC,USUAL,BTC,base:USUAL; quote:BTC,indirecto,,
USUAL/FDUSD,USUAL,FDUSD,base:USUAL; quote:FDUSD,indirecto,,
USUAL/USDC,USUAL,USDC,base:USUAL; quote:USDC,indirecto,,
UTK/USDC,UTK,USDC,base:UTK; quote:USDC,indirecto,,
VANA/FDUSD,VANA,FDUSD,base:VANA; quote:FDUSD,indirecto,,
VANA/USDC,VANA,USDC,base:VANA; quote:USDC,indirecto,,
VANRY/USDC,VANRY,USDC,base:VANRY; quote:USDC,indirecto,,
VELODROME/USDC,VELODROME,USDC,base:VELODROME; quote:USDC,indirecto,,
VET/BNB,VET,BNB,base:VET; quote:BNB,indirecto,,
VET/BTC,VET,BTC,base:VET; quote:BTC,indirecto,,
VET/ETH,VET,ETH,base:VET; quote:ETH,indirecto,,
VET/USDC,VET,USDC,base:VET; quote:USDC,indirecto,,
VIRTUAL/USDC,VIRTUAL,USDC,base:VIRTUAL; quote:USDC,indirecto,,
W/BTC,W,BTC,base:W; quote:BTC,indirecto,,
W/FDUSD,W,FDUSD,base:W; quote:FDUSD,indirecto,,
W/USDC,W,USDC,base:W; quote:USDC,indirecto,,
WAN/BTC,WAN,BTC,base:WAN; quote:BTC,indirecto,,
WAXP/BTC,WAXP,BTC,base:WAXP; quote:BTC,indirecto,,
WBETH/ETH,WBETH,ETH,base:WBETH; quote:ETH,indirecto,,
WBTC/BTC,WBTC,BTC,base:WBTC; quote:BTC,indirecto,,
WBTC/ETH,WBTC,ETH,base:WBTC; quote:ETH,indirecto,,
WCT/BNB,WCT,BNB,base:WCT; quote:BNB,indirecto,,
WCT/FDUSD,WCT,FDUSD,base:WCT; quote:FDUSD,indirecto,,
WCT/USDC,WCT,USDC,base:WCT; quote:USDC,indirecto,,
WIF/BTC,WIF,BTC,base:WIF; quote:BTC,indirecto,,
WIF/FDUSD,WIF,FDUSD,base:WIF; quote:FDUSD,indirecto,,
WIF/USDC,WIF,USDC,base:WIF; quote:USDC,indirecto,,
WIN/TRX,WIN,TRX,base:WIN; quote:TRX,indirecto,,
WLD/BTC,WLD,BTC,base:WLD; quote:BTC,indirecto,,
WLD/FDUSD,WLD,FDUSD,base:WLD; quote:FDUSD,indirecto,,
WLD/USDC,WLD,USDC,base:WLD; quote:USDC,indirecto,,
XAI/USDC,XAI,USDC,base:XAI; quote:USDC,indirecto,,
XLM/BTC,XLM,BTC,base:XLM; quote:BTC,indirecto,,
XLM/ETH,XLM,ETH,base:XLM; quote:ETH,indirecto,,
XLM/FDUSD,XLM,FDUSD,base:XLM; quote:FDUSD,indirecto,,
XLM/USDC,XLM,USDC,base:XLM; quote:USDC,indirecto,,
XNO/BTC,XNO,BTC,base:XNO; quote:BTC,indirecto,,
XRP/BNB,XRP,BNB,base:XRP; quote:BNB,indirecto,,
XRP/BTC,XRP,BTC,base:XRP; quote:BTC,indirecto,,
XRP/ETH,XRP,ETH,base:XRP; quote:ETH,indirecto,,
XRP/FDUSD,XRP,FDUSD,base:XRP; quote:FDUSD,indirecto,,
XRP/TUSD,XRP,TUSD,base:XRP; quote:TUSD,indirecto,,
XRP/USDC,XRP,USDC,base:XRP; quote:USDC,indirecto,,
XTZ/BTC,XTZ,BTC,base:XTZ; quote:BTC,indirecto,,
XTZ/USDC,XTZ,USDC,base:XTZ; quote:USDC,indirecto,,
XVG/ETH,XVG,ETH,base:XVG; quote:ETH,indirecto,,
XVS/BNB,XVS,BNB,base:XVS; quote:BNB,indirecto,,
XVS/BTC,XVS,BTC,base:XVS; quote:BTC,indirecto,,
YFI/BTC,YFI,BTC,base:YFI; quote:BTC,indirecto,,
YGG/BTC,YGG,BTC,base:YGG; quote:BTC,indirecto,,
YGG/USDC,YGG,USDC,base:YGG; quote:USDC,indirecto,,
ZEC/BTC,ZEC,BTC,base:ZEC; quote:BTC,indirecto,,
ZEC/ETH,ZEC,ETH,base:ZEC; quote:ETH,indirecto,,
ZEN/BTC,ZEN,BTC,base:ZEN; quote:BTC,indirecto,,
ZEN/USDC,ZEN,USDC,base:ZEN; quote:USDC,indirecto,,
ZIL/ETH,ZIL,ETH,base:ZIL; quote:ETH,indirecto,,
ZK/BTC,ZK,BTC,base:ZK; quote:BTC,indirecto,,
ZK/FDUSD,ZK,FDUSD,base:ZK; quote:FDUSD,indirecto,,
ZK/USDC,ZK,USDC,base:ZK; quote:USDC,indirecto,,
ZRO/BTC,ZRO,BTC,base:ZRO; quote:BTC,indirecto,,
ZRO/FDUSD,ZRO,FDUSD,base:ZRO; quote:FDUSD,indirecto,,
ZRO/USDC,ZRO,USDC,base:ZRO; quote:USDC,indirecto,,
ZRX/BTC,ZRX,BTC,base:ZRX; quote:BTC,indirecto,,
